gene,baseMean,log2FoldChange,lfcSE_like,stat_like,pvalue,padj
gene_00198,451.5,1.2567166820773155,0.10515570963098564,11.951007572364913,0.0,0.0
gene_00546,333.5,1.8408425773669241,0.1350393458534614,13.63189791636375,0.0,0.0
gene_00542,358.5,1.5398331252314963,0.12329719076499157,12.488793261855154,0.0,0.0
gene_00080,292.0,2.835699547751566,0.18154134104424013,15.62013110314377,0.0,0.0
gene_00524,158.0,-1.9606257616658556,0.20061858366530985,-9.772902020566297,0.0,0.0
gene_00084,773.0,0.8110175161569855,0.07625237971598417,10.635963351934294,0.0,0.0
gene_00500,594.5,0.8130685732519978,0.08694961399687791,9.351031429319429,0.0,0.0
gene_00455,709.5,1.1425277663972155,0.08262287205362069,13.828226228395165,0.0,0.0
gene_00134,112.0,2.548062917909627,0.27176475588562116,9.375987366743175,0.0,0.0
gene_00436,688.5,1.0600551234709625,0.08300322262174514,12.771252609091468,0.0,0.0
gene_00426,279.0,-1.1615615285076857,0.13194411314450474,-8.803435794331707,0.0,0.0
gene_00032,179.0,-2.5663468225538093,0.2162961350893067,-11.864968467856293,0.0,0.0
gene_00401,260.5,1.581286842577758,0.14559508089069206,10.860853491093806,0.0,0.0
gene_00397,823.5,1.309701792554103,0.07850128442111554,16.683826286564745,0.0,0.0
gene_00188,329.5,1.1534099146592958,0.12131539506443346,9.507531291034354,0.0,0.0
gene_00195,271.5,-1.5324950808270208,0.14144293535573577,-10.834723395500257,0.0,0.0
gene_00053,181.5,-1.6978565571270896,0.1779383847571572,-9.54182291496156,0.0,0.0
gene_00222,284.0,1.5248415082835853,0.13812844278001765,11.039301374822829,0.0,0.0
gene_00348,260.0,-1.139111879591974,0.13626011902480775,-8.35983329344212,0.0,0.0
gene_00345,644.0,0.716721088892034,0.08282707008731686,8.653222770483874,0.0,0.0
gene_00583,272.0,1.194816176984023,0.13422240553490125,8.901763995530093,0.0,0.0
gene_00329,498.5,1.4550039065964886,0.1031445087692214,14.106460188316547,0.0,0.0
gene_00016,469.0,2.588546838070195,0.13459178275345446,19.23257709433793,0.0,0.0
gene_00248,471.0,1.5125107063728658,0.1071121917576658,14.120808113000063,0.0,0.0
gene_00220,822.0,-0.6083738873312087,0.07270637035131915,-8.36754584765447,0.0,0.0
gene_00255,209.0,-1.3388019134517586,0.1562220943134422,-8.569862792682846,0.0,0.0
gene_00002,324.5,2.3139647165769452,0.15144402410694044,15.279339876382087,0.0,0.0
gene_00318,434.5,0.8702045713853283,0.10224782082117152,8.510739538471835,0.0,0.0
gene_00306,389.0,2.621984631423257,0.14898664183393223,17.598790060291773,0.0,0.0
gene_00273,342.0,1.3013807174832766,0.1215609514665236,10.705581864762394,0.0,0.0
gene_00281,581.0,0.7608123361205739,0.08752933222413625,8.692084319486897,0.0,0.0
gene_00582,184.5,1.3219280948873624,0.16580041916235824,7.973008159845958,1.5543122344752192e-15,2.4626134464966754e-14
gene_00050,135.0,1.6133909090476737,0.20302272801650814,7.946848733687029,1.7763568394002505e-15,2.7291300532603847e-14
gene_00431,300.5,-0.9571445210382029,0.12402656861968625,-7.717253905275576,1.199040866595169e-14,1.7879815275404433e-13
gene_00250,570.5,0.6494217003558922,0.08751649929830296,7.420563043116204,1.1657341758564144e-13,1.688649220454863e-12
gene_00554,448.0,-0.7284035806627822,0.09937115636205517,-7.330130868245816,2.3003821070233244e-13,3.2397048007245153e-12
gene_00293,809.0,-0.5331944389289625,0.07291557366521567,-7.312490489028718,2.62234678416462e-13,3.5933238366796275e-12
gene_00101,759.5,-0.5431880240411162,0.07529923303680941,-7.213725852633628,5.444533712761768e-13,7.264154190447937e-12
gene_00514,404.5,0.7531171067506165,0.10479066669412064,7.186871984972978,6.630251903061435e-13,8.619327473979865e-12
gene_00365,152.5,1.2924508938105288,0.18147653418268422,7.121862336810317,1.0649259252204502e-12,1.3497936102169206e-11
gene_00584,402.0,-0.7465199008794551,0.10505412817990549,-7.1060501268549645,1.1941558852868184e-12,1.4766756922936998e-11
gene_00059,215.5,1.0502732064812237,0.147950863793151,7.09879739498921,1.2585488207150775e-12,1.519248219291772e-11
gene_00541,343.5,-0.8032435056504015,0.11421160480499407,-7.032941241145037,2.022382261657185e-12,2.330335924227711e-11
gene_00550,271.5,0.913491006745325,0.1298425060313894,7.0353772017038,1.9872992140790302e-12,2.3431644221815544e-11
gene_00465,184.0,-1.1307036916445936,0.16167004085514114,-6.993897481956608,2.673417043297377e-12,3.012049868781711e-11
gene_00203,303.5,-0.8531586116707288,0.12207037671733914,-6.989071670076564,2.76711986657574e-12,3.049847331204131e-11
gene_00218,337.5,0.7998256180047826,0.1151824120423029,6.943990873459324,3.8116176881430874e-12,4.111681208273501e-11
gene_00172,285.5,0.8550516640889004,0.1258703915413198,6.7931119750923346,1.0973888464604897e-11,1.1591169690738923e-10
gene_00213,573.0,-0.5807747037577228,0.08689051034506533,-6.683983112209975,2.325339920616898e-11,2.40601497908728e-10
gene_00297,189.0,-1.0458036896131249,0.1578467018972532,-6.6254389673207585,3.462163888912073e-11,3.5106341833568424e-10
gene_00147,282.0,-0.8274205451117098,0.12630291838137697,-6.551080178632759,5.7122306884593854e-11,5.678629331468448e-10
gene_00062,61.5,-2.1488633859144826,0.3330163385888686,-6.452726599001502,1.0985545806363461e-10,1.0710907161204375e-09
gene_00104,385.5,0.6883920903765617,0.10674787560460888,6.448766183660147,1.1276446443275745e-10,1.0787091220265665e-09
gene_00008,942.0,0.43156135009101276,0.06718516409010684,6.423462023732127,1.3320944347583463e-10,1.2506886637453363e-09
gene_00136,149.5,-1.1388981058216878,0.17943563139951044,-6.347112315089472,2.1939383643143628e-10,2.022412274013422e-09
gene_00217,469.0,0.6041731046869909,0.09618171583385426,6.281579606363527,3.351501298709536e-10,3.0343056400816693e-09
gene_00424,286.0,-0.7827265492885656,0.1248923809229238,-6.267208163575792,3.675786341972298e-10,3.2695152199648336e-09
gene_00495,250.5,0.8310709910314116,0.13402669495720362,6.200787024531067,5.61815038935265e-10,4.911038357589299e-09
gene_00238,532.5,0.5557252794960597,0.08997627564590724,6.176353438800486,6.559903731329086e-10,5.637069816582791e-09
gene_00148,140.0,1.1404812235498305,0.18542013463040594,6.150794927547258,7.709555216450781e-10,6.51457415790091e-09
gene_00353,304.0,-0.734443399396378,0.1206310831693438,-6.088342905496048,1.140853189696145e-09,9.482173232392549e-09
gene_00558,227.5,-0.8372048498041642,0.14069443014476796,-5.950518787010401,2.6729387592183684e-09,2.1857741143930852e-08
gene_00168,266.5,0.7672481611022488,0.12918255932453138,5.93925499784204,2.86320211984048e-09,2.304195991681148e-08
gene_00497,539.0,-0.5295100543734379,0.08928221223212893,-5.93074523060361,3.0156281916049466e-09,2.3889429580370436e-08
gene_00247,85.5,1.4651227307151529,0.24826575256143144,5.901429075895676,3.603663367712784e-09,2.8108574268159713e-08
gene_00551,379.5,-0.6277473672179524,0.10708047410913003,-5.862388754257753,4.562552780029705e-09,3.504870090113728e-08
gene_00244,216.5,0.8387190929669393,0.14422972206577991,5.815161264641545,6.057546020343807e-09,4.583844525842254e-08
gene_00576,556.5,-0.5045238850687445,0.08773495058072109,-5.750546181758592,8.895559844290801e-09,6.632424766257994e-08
gene_00253,285.5,-0.7141821985219184,0.12425016783057573,-5.747937495712349,9.033862102825196e-09,6.637924762510687e-08
gene_00277,844.0,-0.3916594090656936,0.07083532636412018,-5.529153731182336,3.2177927211662904e-08,2.330601299473299e-07
gene_00014,66.5,-1.5707486415014553,0.28604955586188546,-5.491176648635898,3.9926476347318385e-08,2.8510878180409046e-07
gene_00425,352.0,0.6054266032808717,0.11099235705608526,5.454669306418506,4.906406791960194e-08,3.454928116005303e-07
gene_00498,198.0,0.8187596853298534,0.1504935790123107,5.440495805225532,5.313249085148186e-08,3.69016066598648e-07
gene_00017,178.0,-0.8630643546438916,0.15937059786212457,-5.415455336313351,6.113293116172258e-08,4.188431905269371e-07
gene_00404,69.5,-1.4909863525121423,0.27616368150383996,-5.398922640345127,6.704227262233076e-08,4.532057629269559e-07
gene_00579,399.0,0.5549677604233189,0.10390669971716313,5.341019991337962,9.24250622702516e-08,6.1657245488181e-07
gene_00176,156.5,0.8981203859807864,0.17051262595626057,5.267178198353298,1.3853671521069089e-07,9.121833066470166e-07
gene_00481,147.5,-0.9134123150039093,0.17588681565900177,-5.193182397336565,2.0672946821065352e-07,1.3437415433692479e-06
gene_00177,433.5,-0.513363703673365,0.09943343983063693,-5.162887903181943,2.4316877267338555e-07,1.5605894651317275e-06
gene_00214,448.0,0.49976017818427104,0.09773460571869692,5.113441390685074,3.1634193797813737e-07,2.0048170319364456e-06
gene_00206,460.0,0.48649986183546806,0.0963791849905679,5.047768995795919,4.469991565780873e-07,2.7978836096924724e-06
gene_00467,419.5,-0.5095753790064167,0.10105186308949034,-5.042711370448883,4.5898130718313723e-07,2.8036569005042238e-06
gene_00073,358.0,-0.5532169167122065,0.10966709237052792,-5.0445115736548765,4.5468131282255797e-07,2.811261287817523e-06
gene_00180,144.5,0.8898170822495771,0.17725155157624992,5.020080638711907,5.164979257621383e-07,3.1174339090643344e-06
gene_00280,42.0,-1.917537839808027,0.38241335936862436,-5.014306620913919,5.322505187699278e-07,3.174717800192393e-06
gene_00216,371.0,-0.5334322000810741,0.10759643366715295,-4.957712648090494,7.132795385444979e-07,4.2050316981634934e-06
gene_00364,738.0,-0.3729866953300467,0.07568081442279781,-4.928418096115117,8.289807240657865e-07,4.830956633348893e-06
gene_00351,84.0,1.1822033312207492,0.24013547579608843,4.923068227639217,8.519773169179956e-07,4.908551132697998e-06
gene_00093,166.0,-0.797183117000313,0.16394566080242298,-4.862483783337383,1.1592187867393022e-06,6.603639605357598e-06
gene_00571,520.0,0.43524930423376745,0.09040514022161306,4.814430940174715,1.4761994173717596e-06,8.31592338452758e-06
gene_00321,247.5,0.6310744255754682,0.1325354192293914,4.76155301914584,1.9210881148090664e-06,1.0703205211079084e-05
gene_00532,386.5,-0.5001190001686118,0.10520707529046033,-4.753663180806625,1.997637305573008e-06,1.1008718629625163e-05
gene_00314,515.5,-0.4305285810213441,0.09077599434283226,-4.742758084206422,2.108279786749989e-06,1.1493525289056393e-05
gene_00416,136.5,0.8528957059677892,0.18165243123942923,4.695206665544815,2.6633731309289033e-06,1.4365214652988872e-05
gene_00074,72.0,-1.2129937233341983,0.26021033554137163,-4.66158932853511,3.1377682314648325e-06,1.674577361423863e-05
gene_00566,132.5,-0.8564091463711502,0.18441835487875688,-4.643838987362097,3.4199412635160797e-06,1.8061564797944296e-05
gene_00056,90.0,-1.0598714559773985,0.2284713097712559,-4.6389695802004,3.501505821734696e-06,1.8301685068242175e-05
gene_00063,79.0,-1.137503523749935,0.24606689296017095,-4.622741036251692,3.787023733714534e-06,1.959205135707417e-05
gene_00309,50.5,-1.493040011280117,0.3232246494279866,-4.619202198602002,3.85218327925152e-06,1.972784770283354e-05
gene_00149,478.5,-0.4334831665996621,0.09422756352717383,-4.600386026904452,4.217087068880687e-06,2.1380631439225084e-05
gene_00201,283.0,0.555389385337809,0.12331799035706839,4.503717452171203,6.67749740346224e-06,3.351971468866689e-05
gene_00325,59.5,1.2969817377571315,0.2892570657166439,4.483837705204596,7.331242983132924e-06,3.6440590122043066e-05
gene_00324,513.0,-0.4011299259157486,0.09086388467528302,-4.414624439063465,1.011854986021632e-05,4.980684251582208e-05
gene_00549,62.5,-1.2278059175228122,0.2795693764472531,-4.391775426642498,1.1242879472295186e-05,5.4809037427439034e-05
gene_00367,123.0,0.8371495243179575,0.1909883223540814,4.38324979244506,1.1692191884460357e-05,5.645658367068001e-05
gene_00385,231.5,-0.5979015564286544,0.13668980864358343,-4.374148755944735,1.2190723278404647e-05,5.830845945425619e-05
gene_00540,294.0,-0.5240802585741339,0.12075447658921586,-4.340048281248876,1.424514138559374e-05,6.749800637846753e-05
gene_00279,426.5,-0.4317845741159968,0.09978520604592019,-4.327140176643958,1.5105783319979693e-05,7.091326058546022e-05
gene_00372,108.5,-0.8829605788097805,0.20417711434520908,-4.324483582018549,1.5288958926884533e-05,7.111469886174732e-05
gene_00043,154.5,0.7295481226037233,0.16887327958499287,4.320092109282133,1.5596408766027636e-05,7.188526585796374e-05
gene_00058,531.0,-0.3763527974509491,0.08921083851354744,-4.218689160665121,2.457267652999917e-05,0.00011223736036675298
gene_00190,540.5,0.3723855204568883,0.08840913935653369,4.212070416782854,2.5304063023590118e-05,0.00011454607100857312
gene_00066,834.0,0.29823543763258464,0.07098425858452843,4.201430621092482,2.652335336095213e-05,0.00011795912415791867
gene_00184,200.5,0.6178543822785311,0.14703935422718323,4.20196610306051,2.6460676221473634e-05,0.00011872179508218701
gene_00117,425.5,0.41898468379550674,0.0998372733040697,4.1966759500675135,2.708610485391283e-05,0.00011941439270377222
gene_00316,29.5,-1.8845227825800641,0.4510733421541898,-4.177863346080603,2.9426035365709424e-05,0.00012861206836564377
gene_00446,64.5,1.1343010917115912,0.2718297612640514,4.172836287082443,3.0083110639900212e-05,0.00013036014610623425
gene_00376,371.0,0.44562581911226684,0.10704763669049867,4.162873958634714,3.142668606237464e-05,0.00013502821892901647
gene_00447,167.5,-0.6711191444708707,0.16144798926178586,-4.156875211264846,3.226301001935106e-05,0.0001363112173317582
gene_00265,163.0,-0.6809315592518783,0.16377609188527448,-4.157698180567603,3.214703591236656e-05,0.0001369625815762172
gene_00311,298.0,0.4970148014454537,0.11974717272675986,4.150534748570193,3.316994036106635e-05,0.00013898479143025324
gene_00256,156.0,-0.6930222465786091,0.16755132824313224,-4.136178768890275,3.5313711939100045e-05,0.00014675452420593216
gene_00564,160.0,0.6751603096927343,0.16521863777528412,4.086465781245746,4.379940497223345e-05,0.00018053901073920617
gene_00590,260.5,-0.5185936911054411,0.12821262595757515,-4.044794241068277,5.2369097975457635e-05,0.00021412203768997597
gene_00520,388.5,-0.4215215328490425,0.10448494577928495,-4.034280055420317,5.476996433406711e-05,0.0002221469753389762
gene_00332,383.0,0.423807708906576,0.1052426775835366,4.026956731219402,5.6503425405640684e-05,0.000227359021275078
gene_00227,443.0,0.3923174227787603,0.09772375392148461,4.0145553873622655,5.9557957161615604e-05,0.00023776286835385126
gene_00466,205.5,0.573327800237753,0.14479282585907186,3.959642315398817,7.506210268704017e-05,0.00029731629736194816
gene_00235,79.5,-0.9465607410385396,0.23974701000534157,-3.94816494694741,7.875253797995363e-05,0.00030713489812181913
gene_00512,39.5,-1.423211430724544,0.36039578425784563,-3.9490235260529727,7.847064007338034e-05,0.0003084078644744483
gene_00378,145.0,0.6844981742720707,0.1736283750477099,3.942317458675652,8.069806483446129e-05,0.0003123199913822281
gene_00530,56.5,-1.1338557467347905,0.29010730398504775,-3.908401240367357,9.290891220392616e-05,0.0003568546855105346
gene_00234,150.0,-0.6610167409329076,0.1704116240480803,-3.878941619301785,0.00010491192716255426,0.00039992742158958655
gene_00335,45.0,-1.267480310864986,0.3303162140790017,-3.8371725541811967,0.00012445902276070342,0.0004709009294005719
gene_00326,62.0,-1.051838931519618,0.2743205989200982,-3.834341772584088,0.0001259009850009818,0.00047282814367035383
gene_00207,72.5,0.9560566524124029,0.25116686046416975,3.806460178088619,0.00014096997831192226,0.0005255277867951808
gene_00049,565.0,-0.32766446443650693,0.08631288221306967,-3.796240561491658,0.00014690695013275246,0.000543662946841646
gene_00116,32.0,-1.5272470028648688,0.4060915998277044,-3.7608436212737364,0.00016934127525480847,0.0006221451199578833
gene_00211,285.0,0.4577980705772561,0.12216591023270729,3.747347109395912,0.00017871470032670977,0.0006518586551485026
gene_00075,226.0,0.5138014717999172,0.13757072671326437,3.734816876200867,0.0001878518280500341,0.0006707104001504738
gene_00115,101.0,0.7824085649273732,0.20949040473734704,3.7348181455295495,0.00018785088059791732,0.0006754638047031496
gene_00341,530.0,-0.33293641906395,0.0891306379527593,-3.73537569921144,0.00018743514545827011,0.0006787829910524496
gene_00231,618.5,-0.3062180117987008,0.08243469283626062,-3.7146740196744497,0.00020346581224206517,0.0007213787888582311
gene_00129,511.5,-0.3365040967321543,0.09073803211417841,-3.7085231946480945,0.00020847156688330593,0.000733993641734973
gene_00406,588.5,0.3120201922541284,0.08452437707261014,3.6914817128565103,0.0002229514291256507,0.0007795612039083096
gene_00230,158.0,0.6076825772212396,0.16540636287425578,3.673876667508906,0.000238898077376426,0.0008295981180126573
gene_00127,233.5,-0.4907017692109161,0.13516628366214264,-3.6303562983018653,0.0002830302478868951,0.0009761655488343934
gene_00119,253.0,0.4698615240233654,0.12971959538959135,3.6221322045618014,0.00029218472065584145,0.0010009300903548082
gene_00081,121.5,0.6838158876474416,0.1895418785879477,3.607729820669421,0.00030888789614991197,0.0010440410889867024
gene_00153,121.5,-0.6838158876474416,0.1895418785879477,-3.607729820669421,0.00030888789614991197,0.00105104807616111
gene_00400,198.0,-0.5277887923339222,0.14705789381624526,-3.588986477620953,0.0003319660576821537,0.0011072815213477101
gene_00223,370.0,0.3833286395515057,0.10686215070811796,3.5871319921168827,0.0003343351061702027,0.001107894763583613
gene_00303,546.5,-0.31481536869279575,0.08771570170979262,-3.589042355658994,0.0003318949195785237,0.0011143756571278909
gene_00483,659.0,0.28509132670699083,0.07980571968627816,3.5723169696069994,0.000353836773950178,0.00115738867350155
gene_00039,373.0,0.3802179452041329,0.10641760330968998,3.5728858138032478,0.000353068742787066,0.0011623756661885874
gene_00142,359.0,-0.38702312310924736,0.1085009169896194,-3.5670032461225647,0.0003610870091448337,0.0011735327797207096
gene_00418,167.5,0.5635888499285893,0.16018505935669092,3.5183609020215916,0.0004342213876724621,0.0014022308506365497
gene_00028,388.0,-0.3653961234634717,0.10427683083237883,-3.504096936459764,0.00045815855017350415,0.0014701669932782697
gene_00362,242.5,-0.46007125289334755,0.13241510671722967,-3.474461972649558,0.000511878912758057,0.0016322176652096535
gene_00076,350.0,-0.38032976469270924,0.10984945889108445,-3.4622816400926064,0.0005356163439698136,0.001697234289954347
gene_00407,689.0,-0.2684018663360459,0.07800837705668102,-3.440680045695921,0.0005802542410680012,0.001827260249822836
gene_00422,231.0,0.4641320488070134,0.13568757584331262,3.420593565198462,0.0006248463757296818,0.0019555377314503003
gene_00132,465.0,-0.32332133018722875,0.09510808663144787,-3.399514611624215,0.0006750557286361314,0.002099713217291525
gene_00585,215.5,-0.4774340364167111,0.1405655607054187,-3.396522121213339,0.0006824804073013446,0.002109863210376718
gene_00375,441.5,-0.33073399226270334,0.09762918888489512,-3.387654819632261,0.0007049291988132644,0.0021660551745353034
gene_00499,328.5,-0.38316048347684845,0.11339132072899583,-3.379098867651417,0.0007272384967138557,0.0022211440833368964
gene_00482,290.5,-0.40349587739615284,0.12067100055506805,-3.3437683912467273,0.000826487057780767,0.0025091553191308315
gene_00354,316.0,-0.38455222541102946,0.11561271409427105,-3.3262105160636923,0.0008803541193844744,0.002641062358153423
gene_00159,514.5,-0.30053580089052434,0.09034970744084997,-3.3263616386060657,0.000879876905183874,0.002655342803144191
gene_00174,289.0,-0.40053792958372875,0.12096551018510382,-3.311174639538309,0.000929052079985615,0.0027707612032512167
gene_00141,104.0,0.6713772525386293,0.20452519798146537,3.2826138743035043,0.00102849436213992,0.0030493955649411666
gene_00513,72.0,0.8112383565448322,0.2482970488605908,3.267209015441465,0.0010861345809856093,0.0032015711195331623
gene_00164,119.5,0.6199689505490693,0.19017123624033164,3.2600563723820706,0.0011139007202527473,0.003264437370914121
gene_00087,158.5,-0.5211658501401871,0.16419325331205767,-3.174100272863738,0.0015030175661352452,0.00437948221856649
gene_00295,189.0,0.4750196041070761,0.1500277645630682,3.166211304224218,0.0015443856201589057,0.004474305768117515
gene_00510,293.5,0.37937836707126216,0.11991957672694771,3.1636066222539476,0.0015582726137024494,0.004488887586063306
gene_00103,31.0,1.2439255828860891,0.3947130348300487,3.151468213918208,0.001624518435050959,0.004627139587476608
gene_00454,304.0,-0.37098231920090824,0.11779298213886864,-3.149443306932745,0.0016358184434430711,0.004633295814668363
gene_00298,149.5,0.533218925627158,0.16915904704011184,3.15217503856426,0.0016205909406667995,0.004642031677503205
gene_00573,278.0,-0.3849175109025085,0.12323680038041822,-3.123397473111207,0.001787761388620357,0.005035527911280672
gene_00356,64.0,-0.8204505796692872,0.2633651099050244,-3.1152591927046105,0.0018378334051458722,0.00514796428955225
gene_00505,254.0,-0.39854937649027494,0.12898799367670136,-3.0898176266638333,0.0020027943164202533,0.005579212738599277
gene_00344,473.0,0.28704730265801787,0.09417722911305283,3.0479480587970866,0.002304097493517787,0.006383483219746001
gene_00284,313.0,0.35090716185912807,0.11599212050755978,3.0252672364607536,0.0024841352989111165,0.006844872807325739
gene_00577,31.5,-1.1699250014423124,0.3877126423946313,-3.0175054241628527,0.0025486447991402983,0.00698466439548179
gene_00121,24.0,1.3625700793847084,0.4544062257021855,2.9985726478090267,0.0027124748022069323,0.00739368131569309
gene_00313,612.5,-0.2475214064624694,0.08267577508339996,-2.9938806889053033,0.0027545363635583797,0.007428457108106907
gene_00548,160.0,-0.488499661219865,0.1631064558408293,-2.994974409207795,0.0027446786805063184,0.007441455032174885
gene_00228,63.0,0.7852611512069873,0.26453801191912457,2.968424633988177,0.0029933049686199364,0.00802965936026618
gene_00349,255.5,-0.37900919009462974,0.12849368702635422,-2.9496327708060432,0.0031815183970373972,0.008489630669989265
gene_00294,229.5,-0.39679838099380144,0.1356587521102871,-2.9249744290085644,0.0034448452884792147,0.009144170477795612
gene_00469,145.0,0.4989892776113033,0.17138595322887407,2.9114946015729637,0.003597041231698128,0.00949843700245287
gene_00473,147.0,-0.4921137222974847,0.17015502815036843,-2.8921491633065157,0.003826162440384362,0.010051110659455293
gene_00352,418.5,0.28638051620826527,0.10010578065843467,2.8607790112082356,0.004226015129878746,0.011044276653858372
gene_00296,22.0,1.3439544012173612,0.47241622911834946,2.844852311118792,0.004443201911082495,0.011552324968814486
gene_00392,47.0,-0.8667334691365359,0.3078753029572742,-2.815209472183022,0.0048745449436542465,0.012609154522615832
gene_00561,465.0,-0.2670079929557456,0.09491905816482964,-2.813007188630956,0.004908055391869226,0.012631391287704049
gene_00359,66.5,0.7198920808072646,0.25610419489952657,2.8109343585320374,0.004939786268030044,0.012648846656016325
gene_00078,224.5,0.37964359274364967,0.13704546980104004,2.7702016950637542,0.0056021589820769435,0.014272837205593017
gene_00133,130.5,0.498602215917975,0.18058380674813954,2.761057178362488,0.005761458857256319,0.014605298203144768
gene_00276,182.5,0.41962476877449556,0.15221172139320646,2.756849242184737,0.005836125220882282,0.014720972572076206
gene_00391,144.5,-0.470142098719298,0.17139484902023153,-2.7430351694163355,0.006087416533248957,0.015278812783946641
gene_00562,116.0,-0.523561956057013,0.19173760926277758,-2.7306168991575777,0.006321590913862529,0.01571101271239364
gene_00478,58.0,0.7500217469916526,0.2746460418954319,2.7308667615068494,0.006316800372829778,0.01577644231046649
gene_00360,233.5,0.3649140198530074,0.13430187203624372,2.7171178950843586,0.006585314564693245,0.016207546040288717
gene_00459,249.5,-0.35306660669626644,0.12987599911193007,-2.7184900144020117,0.0065580635229125495,0.016219210761544697
gene_00529,107.0,-0.5405683813627028,0.1997814190629509,-2.7057990873133715,0.006814025749461994,0.016689425386363435
gene_00412,81.5,-0.6214883767462701,0.22985811070374743,-2.703791373049591,0.006855331563314859,0.01670987068557997
gene_00077,82.5,0.6138173633933413,0.22834952884760454,2.688060564394637,0.007186836022961884,0.017434095041347727
gene_00286,369.5,-0.2851806917921948,0.10651559677326553,-2.6773608788884204,0.0074204662005055155,0.017915125541220458
gene_00272,61.0,-0.712197689017264,0.2670490823640112,-2.6669168181094007,0.00765506159175855,0.01839391576787481
gene_00106,26.0,-1.1219905243786104,0.42271347881723903,-2.6542577433725625,0.007948308957239192,0.019008455855284295
gene_00240,184.5,-0.3991710938198229,0.15123777338395417,-2.639361086111928,0.008306245694171821,0.01977120453964842
gene_00591,167.0,-0.4150374992788438,0.15904217899576492,-2.6096064698025527,0.009064643339162792,0.021475580247455776
gene_00266,259.5,0.3281600485988768,0.12722967321458198,2.5792729031490267,0.009900853437030399,0.023347593918950756
gene_00417,132.0,0.45943161863729726,0.17916203450972645,2.5643357974501866,0.010337347922694251,0.024264052762990675
gene_00472,15.5,1.4150374992788437,0.5639032963670584,2.5093619923756596,0.012094946694553466,0.02825870034165257
gene_00044,152.0,0.4177881102948784,0.1666788824849196,2.5065449447843404,0.012191755674522131,0.028354220765975786
gene_00371,155.0,0.4096442405086254,0.16500208634685684,2.482660974646693,0.013040513270439202,0.03018968140690719
gene_00450,227.5,0.3361419541070632,0.13588980143749801,2.4736363623407778,0.013374575237795838,0.03082231657073859
gene_00312,302.5,0.29094715155419987,0.11771026232742478,2.471722905050509,0.01344636946892952,0.030847553487544192
gene_00072,54.0,0.6951454184715792,0.2831338405725936,2.4551830931468914,0.014081284815470774,0.032158609916412985
gene_00593,14.0,1.4594316186372973,0.5956331115548408,2.450219086758956,0.014276931599659815,0.03245921220191716
gene_00304,224.0,-0.3349189334071232,0.13693592408605523,-2.4458076698459976,0.014452807592030048,0.032712381469460865
gene_00572,292.5,-0.2909962353354715,0.11969895666696045,-2.4310674331532653,0.01505441242135408,0.03392260932278453
gene_00453,127.5,-0.4412690408520234,0.18209456936388868,-2.4232959961052623,0.015380389084208801,0.034503793211034785
gene_00131,275.5,0.2984691220633733,0.12335630284810983,2.4195692897093557,0.015538900015549029,0.034705825144860605
gene_00259,196.0,0.353274331754707,0.14645474987980886,2.4121739448166,0.015857714010789392,0.03495591740639227
gene_00097,122.0,0.44930740136358993,0.18620067484880617,2.41302778160404,0.015820613624141888,0.03502642404995606
gene_00486,60.5,0.6438561897747247,0.2666710336432479,2.4144211727025233,0.01576023278594585,0.035045780800326956
gene_00095,61.5,-0.6332176693283773,0.2643167643951219,-2.3956772881109907,0.01658968923367521,0.036411136110274155
gene_00278,54.5,0.6611980865482414,0.28109126126323747,2.352254152536745,0.01866002033221914,0.04077857891566855
gene_00219,55.5,0.6490928381408717,0.2783318313058375,2.332082662250849,0.019696342953466672,0.042675409732511126
gene_00380,448.0,0.2253762797752694,0.0965805903952028,2.3335566582585723,0.019618948305527573,0.04269015790086901
gene_00022,118.0,0.4398206002087321,0.18920911179758865,2.324521245463282,0.02009757424287617,0.043359447409098806
gene_00060,441.5,-0.2254201140340159,0.09728746858937447,-2.3170519009540333,0.02050090469587129,0.04385636574180061
gene_00204,119.0,0.43609911480667357,0.18838248900968346,2.3149663065777664,0.020614776070658092,0.043914670032872485
gene_00283,195.0,0.34015883196444874,0.14674809205602657,2.3179778844046597,0.020450523020391742,0.043933962590417854
gene_00208,22.0,-1.0473057147783567,0.45376080366002214,-2.308056813922264,0.02099597674178333,0.04453958246060313
gene_00109,373.5,-0.24327115101236388,0.10580480009770679,-2.299244937731672,0.02149103456003898,0.045399810508082346
gene_00462,115.5,0.4367325703781629,0.19119762926597572,2.2841944853334066,0.02236010352962836,0.047039719873533524
gene_00083,111.0,0.4413716470923063,0.19504817464434124,2.262885299475995,0.023642760828843645,0.04953256091001541
gene_00282,69.5,-0.5594274086140185,0.2475751349300426,-2.25962679479947,0.02384442316443014,0.04974947549121844
gene_00001,329.0,0.2542203570633492,0.11274986606127332,2.2547286834486746,0.024150364092848875,0.050181289324075326
gene_00287,211.0,-0.314274522343927,0.14095894285893992,-2.2295465329817845,0.025777562799138787,0.053343772812911694
gene_00099,62.5,0.5755021714720899,0.2611466837830918,2.2037506398132227,0.02754188566278226,0.05676315459768539
gene_00387,93.0,-0.46440357659982345,0.21317028654023484,-2.1785567967145814,0.02936460860623269,0.06027472292858289
gene_00258,253.5,0.2786312608848125,0.12848943235445617,2.168514995973902,0.030119524906415007,0.061327707339567904
gene_00581,213.5,-0.30378074817710293,0.14008073044468794,-2.1686119654912375,0.03011215598359085,0.06155993178903452
gene_00289,298.5,0.25597101331122507,0.11835805687777792,2.16268347135466,0.03056553322932465,0.06198690138907039
gene_00196,235.5,-0.2876581928026163,0.13333023163706673,-2.1574866350314306,0.030967767376280264,0.06255242254890077
gene_00338,162.5,0.34577483684173,0.16070952755230497,2.1515515732518917,0.031432689736300645,0.0632395781599382
gene_00428,52.0,-0.6076825772212398,0.2864922243933855,-2.121113682955752,0.03391223675033439,0.06795851396213255
gene_00493,79.5,-0.488499661219865,0.23066736196070914,-2.1177667142310055,0.03419482962501341,0.06825503393654252
gene_00020,291.5,0.25218702359680145,0.11975213950835689,2.1059082921788015,0.035212319244371404,0.06973689787850118
gene_00251,303.0,0.24738114152230828,0.11744836103971709,2.106297093738518,0.03517855361250355,0.0699432418883894
gene_00333,131.0,0.37367846951778644,0.17907478895702963,2.0867173525328204,0.03691369175767445,0.07282195222233831
gene_00557,203.0,0.29808135293299465,0.14361103646158624,2.075615915582692,0.037929488252759214,0.07453585482228264
gene_00508,213.5,-0.29018601209376077,0.1400130541320267,-2.0725639754999343,0.03821287657990302,0.07480281245564027
gene_00191,110.5,0.40372218605100973,0.1951144767037482,2.0691554664290788,0.03853150018962581,0.07513642536977033
gene_00358,215.5,-0.2874874495583329,0.13935183852906763,-2.063033057854959,0.03910948746787257,0.07597130324218924
gene_00024,18.5,1.0,0.49005913862186157,2.0405700479582687,0.04129358185860266,0.07990780916912804
gene_00224,22.0,0.9068905956085185,0.4466145176171177,2.030589154260308,0.04229668884981708,0.08153772337208082
gene_00377,244.5,0.2651892905374676,0.13076618582912528,2.027965324950256,0.0425637871036495,0.08174181841496324
gene_00301,369.5,0.2145598543708366,0.10629064607947508,2.018614640938461,0.04352728809471307,0.08327673609063972
gene_00350,370.5,-0.21398018152024792,0.10614591294720861,-2.0159059880776606,0.04380980734428741,0.08350215159230721
gene_00145,262.0,0.25298074116987085,0.12629285282148814,2.003127932563634,0.04516355853145004,0.08576001563837143
gene_00110,53.5,-0.5629361943911572,0.2816467676428052,-1.9987312444682253,0.045637440504411764,0.08633650125274912
gene_00111,39.0,-0.6605135337283329,0.3310858693010847,-1.9949916168958315,0.0460437941819567,0.08678142620911541
gene_00420,425.0,0.19672753794310072,0.09908168522029935,1.9855085983418073,0.04708791444307714,0.08842063934311152
gene_00382,588.0,0.16674439178653366,0.08420864308136894,1.9801339350096434,0.04768848089911559,0.08921793289982141
gene_00175,75.0,-0.4594316186372972,0.2370090938485541,-1.9384556566039124,0.05256765581584988,0.09798456433322017
gene_00098,144.5,-0.32862274746137066,0.17024276764809565,-1.930318403543921,0.05356739813110112,0.09948231081490207
gene_00334,236.0,-0.2563397532597855,0.13305370771406663,-1.9265885758754009,0.054030923493353145,0.09997692777784688
gene_00337,33.0,-0.6918777046376681,0.36001257953751786,-1.9218153585812845,0.05462899507542396,0.10071600182996343
gene_00443,177.0,0.29278174922784594,0.15371332286503867,1.9047259129575274,0.056815708763698236,0.10436798675070653
gene_00592,60.5,-0.4974996594708167,0.264043668744912,-1.884156745115682,0.05954377646916642,0.10898445729193998
gene_00128,214.5,0.26180710244979155,0.13955686574225395,1.8759886950551055,0.06065683224790064,0.1102258564504861
gene_00599,382.0,0.19617676891264904,0.10449443490852038,1.8773896340450276,0.06046471117884722,0.11027197326501993
gene_00587,194.5,0.27386143631814946,0.14657820459082435,1.8683639705005155,0.061711355533450085,0.11174163305521141
gene_00523,104.5,0.3712558072509306,0.20028497577002205,1.8536378269193114,0.06379099203935668,0.11509620271869692
gene_00040,13.0,-1.0780025120012733,0.5837884513709864,-1.846563613017112,0.0648104118889683,0.11570027756234835
gene_00327,57.0,-0.5025003405291831,0.27197467003138304,-1.8475997800501047,0.06466026155825366,0.11584011522980427
gene_00434,121.5,-0.3431445807970581,0.18564592460708834,-1.8483819751136954,0.06454710439038136,0.11604745363802607
gene_00588,250.5,0.23571379983428198,0.12908271445457362,1.8260678885648445,0.06784003642729086,0.12068385427591743
gene_00537,922.0,-0.1219905243786103,0.06721662753261431,-1.8148861205424065,0.06954141192094454,0.12327795749621986
gene_00522,42.5,0.5711567011961257,0.3154267137218865,1.8107429597726392,0.07018064954289138,0.12397766312977676
gene_00120,231.5,0.2425703032740782,0.13427987963619145,1.8064530883649976,0.07084759550012021,0.12472128791166995
gene_00209,615.5,-0.14755718841385784,0.08227931004964256,-1.7933692969086688,0.07291389358656142,0.12791468528853508
gene_00381,547.5,0.1553349541427979,0.0872429323993204,1.7804875406045833,0.07499620658463901,0.131114057718662
gene_00113,378.5,0.18653626835975037,0.10495196345200512,1.7773490101979275,0.07551083461392327,0.1315601139149797
gene_00263,571.0,0.15147063540583056,0.0854259195331533,1.7731226802545061,0.07620838054689161,0.13232071553860975
gene_00088,83.5,0.3951379418411389,0.2240375654546955,1.763712889127261,0.07778032997251261,0.13413138536076155
gene_00596,295.5,0.20959514687233327,0.11880151493665572,1.7642464154105122,0.07769050123860555,0.13443373422516386
gene_00421,63.0,0.45456586346548133,0.2582062700052993,1.7604756981933556,0.07832718440848963,0.13461655083086183
gene_00260,873.5,0.1205008101026991,0.06905390546428747,1.7450252710908345,0.08098047014852194,0.1387064133962859
gene_00597,254.5,0.2206447590501807,0.12801552470458746,1.7235781328815178,0.08478402893048886,0.1447323322146729
gene_00241,140.5,0.29671753209008256,0.1724263349564169,1.7208365077473922,0.08528049561185314,0.14509131300405886
gene_00432,359.0,-0.1845958007430987,0.1077522753612165,-1.7131499091251734,0.08668496416618465,0.1469875479339653
gene_00308,37.5,-0.5693656456701377,0.33524332451540345,-1.698365348491755,0.08943882793045344,0.1511516192024663
gene_00288,221.5,0.2274104961030724,0.13720564920486905,1.6574426594018274,0.09743001272932661,0.16410968921517805
gene_00536,64.5,0.42146376843827665,0.2547918555324151,1.654149295932488,0.09809718208968743,0.1646863288724223
gene_00012,537.0,0.14492757636492887,0.08807365114366726,1.6455270615330855,0.09986116670395351,0.16709442745513012
gene_00471,46.0,0.49595749466241135,0.30201242986393845,1.6421757703345135,0.10055358253570779,0.1676995603473811
gene_00468,21.5,-0.7198920808072649,0.44358547759750216,-1.6228937085728403,0.10461212871779346,0.17389622708170913
gene_00489,67.5,-0.40275916950040713,0.24892098758687936,-1.618020133235389,0.10565825884597224,0.17506123279381675
gene_00210,159.5,-0.26138655295231156,0.16170803616089618,-1.616410409512594,0.10600560923852909,0.17506463805841774
gene_00179,119.5,-0.30039493333772116,0.18687248551870822,-1.6074861556205284,0.1079477639742501,0.17769323485371688
gene_00586,140.5,0.27612440527423754,0.1723046201885952,1.6025362812210544,0.1090370712344706,0.1783283713415374
gene_00151,11.0,-1.0,0.6247052776618359,-1.6007548451372582,0.10943122839169073,0.17839753310156656
gene_00270,504.5,0.14567745519563505,0.09086198859924405,1.6032827086600552,0.1088722522727319,0.1786350546999193
gene_00173,283.0,-0.19332543402238933,0.12134012991424875,-1.5932522419335853,0.11110361577894778,0.18054337564079015
gene_00262,135.0,0.27665401512292176,0.1757572711672949,1.5740686759957039,0.11547157331482172,0.18704181364413613
gene_00068,146.5,-0.2648276876568445,0.16870199163572525,-1.5697958577079605,0.11646261158329407,0.18804631870296207
gene_00118,324.0,-0.1777871192152827,0.11338921536721738,-1.5679367622353595,0.1168958912720286,0.1881467202378365
gene_00507,116.0,-0.2969817377571315,0.18962385131483933,-1.5661623561481302,0.11731061298535983,0.1882167113404349
gene_00275,52.0,0.4388842412332116,0.2835021110850004,1.5480810338714697,0.12160278779890321,0.19448773947647927
gene_00160,75.5,0.36017556424432545,0.23508971386927915,1.5320770880030925,0.12550341296353285,0.1994678068103798
gene_00594,411.0,-0.15422091869486865,0.1006609388157339,-1.5320830553466187,0.1255019405898743,0.20009271660083733
gene_00026,227.0,-0.20281688299968714,0.13545471181954827,-1.4973040086628973,0.13431417229896248,0.21214107587406222
gene_00373,9.5,-1.0,0.6678380333485927,-1.4973690476804995,0.13429725752111166,0.21277721738501126
gene_00036,306.5,0.1738024717303987,0.11656129811736192,1.4910821562351033,0.13593992650043352,0.21337938927467429
gene_00019,128.0,0.26918663281538896,0.18041884769869512,1.4920094893020195,0.13569665769745876,0.21365902314475646
gene_00494,455.5,0.14233061329170085,0.09560867648072152,1.4886788368041086,0.1365719604756377,0.2137098270405812
gene_00553,80.5,-0.337869638756384,0.22755238763507626,-1.484799356613311,0.13759698240695162,0.2146512925548445
gene_00047,153.0,0.24415294007525873,0.16499930135064927,1.479721053826741,0.13894770456908279,0.21609351600161034
gene_00441,348.5,-0.1611547918145803,0.10930574126965455,-1.4743488305615662,0.14038769403290785,0.21766532377579292
gene_00402,22.0,0.6374299206152918,0.4358511403224191,1.462494557531169,0.14360573467295956,0.2219759374365564
gene_00221,145.5,0.2467937648265829,0.1691832594720398,1.4587363170371443,0.14463769629737122,0.2222160970386885
gene_00449,540.0,-0.12808658698761544,0.08780488408094826,-1.4587638071423343,0.1446301273129189,0.22287986184696013
gene_00516,256.5,0.18514274673056505,0.12740731129042812,1.453156375841945,0.14618034126718804,0.22390765263584392
gene_00569,187.0,-0.21526798690306645,0.14921694787153353,-1.4426510525359273,0.14911879416190232,0.22772056819302555
gene_00307,351.0,0.15589700954954125,0.10890599744168782,1.4314823169680266,0.1522920313538687,0.23186804773697126
gene_00393,222.0,0.19437804516685128,0.13693731945237328,1.4194672857931607,0.15576282787924423,0.23644237645142763
gene_00229,111.5,0.2700891633677442,0.1932026844474966,1.3979576119251165,0.16212579644774294,0.241758172938252
gene_00090,15.0,0.7369655941662062,0.5267977449971488,1.398953585441401,0.16182690205087713,0.24202430483715254
gene_00102,327.0,-0.158503822362487,0.11282557676900322,-1.4048571866555088,0.16006374984442262,0.24224573483917095
gene_00041,712.5,0.1072151716982119,0.07643500478780751,1.4026972588783597,0.1607071350716487,0.2424955877420413
gene_00156,561.5,-0.12061539166974236,0.08610088383880499,-1.40086124894553,0.16125556867756607,0.24260110777307417
gene_00246,91.5,0.29738591062457076,0.21326582697671928,1.3944377064077607,0.16318546834923264,0.24262472860135176
gene_00405,294.0,-0.16646114613874083,0.11898736574483754,-1.3989816910117032,0.16181847353074263,0.24272771029611392
gene_00042,74.5,-0.32622823232098774,0.23631210469748298,-1.3804973415924322,0.1674335676010219,0.2482129203909886
gene_00237,105.0,-0.27301849440641596,0.19905718507159412,-1.3715580992880034,0.17020104525361668,0.2515799706810019
gene_00035,534.0,0.11871850173297771,0.08828362302853296,1.3447398017932306,0.17870927641108691,0.26338838122215424
gene_00488,283.0,0.16272950003810832,0.12126087073447642,1.341978653562824,0.1796029171115705,0.26393819992917755
gene_00517,532.5,-0.11634396123746829,0.0884046841022401,-1.3160384251010544,0.18816114603602974,0.27571589896030946
gene_00202,218.5,-0.17768561747106187,0.137973356120202,-1.2878255807321426,0.19780668547887625,0.2890143790714417
gene_00242,256.5,0.16265033764455852,0.12734754136030713,1.2772161590805153,0.2015259436135559,0.29360245233354265
gene_00442,125.0,-0.22948184612276734,0.18233765306983787,-1.2585543482610944,0.20819134508948567,0.3024441603448975
gene_00182,247.0,-0.16305828195404568,0.12976477045453685,-1.2565681839754281,0.20891004157685122,0.30262111736989594
gene_00092,105.0,0.24557720875724756,0.1988875885512018,1.2347538151885527,0.21692214073273064,0.31244183338492737
gene_00079,377.0,-0.1298538161772943,0.10504691144362471,-1.2361507291623957,0.21640254123929226,0.31258144845675545
gene_00065,276.5,0.1509055695877148,0.12264553175908266,1.230420443560426,0.21853970170799264,0.31299330159873523
gene_00025,54.5,-0.33948646627166706,0.2757669041333289,-1.2310631231785913,0.21829925647874493,0.31353462616069033
gene_00413,120.5,-0.2260680794798462,0.1856662717033586,-1.2176044545184712,0.22337432084866693,0.3181201704221184
gene_00122,302.0,0.1429579538420431,0.11735485121353993,1.2181682509393288,0.22316004197811834,0.3187102571349465
gene_00463,370.5,-0.12823762779508333,0.105959257537646,-1.2102541181880413,0.22618139756910294,0.32121559822838985
gene_00502,50.0,0.3410369178350669,0.2876940897953015,1.1854150986477325,0.23585336489484754,0.3340157988873958
gene_00192,22.0,-0.506959988719883,0.43201096731407773,-1.1734887006961476,0.24059988543607247,0.339788696145094
gene_00199,92.0,0.24882054661409297,0.21235420308415484,1.1717241429663943,0.24130782671130824,0.3398418559517591
gene_00169,81.5,-0.2630344058337938,0.22556131854682338,-1.166132595466237,0.2435608397326705,0.3420646696522547
gene_00082,161.5,-0.18670071419313913,0.16038781609769118,-1.164057961107351,0.2444005235493545,0.34229576088265945
gene_00414,234.5,0.1532964104665706,0.13313943836166478,1.1513974548258998,0.24956876044279808,0.3485712439242386
gene_00543,85.5,0.25080810350053434,0.22020142142985058,1.1389940258874947,0.2547056459518928,0.3547685782901364
gene_00357,67.5,-0.2746223801090057,0.24763290138627064,-1.1089898740096553,0.26743455030722707,0.37147758083770993
gene_00457,281.0,0.1331087816925796,0.12162614532805077,1.0944092763406896,0.27377551731550964,0.379246413330501
gene_00069,60.0,0.2847294769331129,0.2625038686451033,1.0846677361469972,0.278068842546237,0.38310028035582105
gene_00521,223.5,0.14793342913600302,0.1363489840293673,1.0849617266245315,0.27793860702348594,0.3839642336809465
gene_00527,122.5,-0.1989040684140782,0.18402936594521171,-1.0808278743583506,0.27977368673514835,0.38440449640845586
gene_00194,61.0,0.2801079191927352,0.2603376088850255,1.075941045907205,0.28195362335322915,0.3863526676759113
gene_00154,294.0,-0.12723518829610778,0.11890514103337681,-1.0700562413898715,0.2845939941064646,0.3878740726128428
gene_00126,51.5,0.30339214344993476,0.2831432826162016,1.0715145372570267,0.28393813774482757,0.38802327718767543
gene_00302,587.0,-0.08835587442084698,0.0841791352234457,-1.0496172737616574,0.29389411196280557,0.39947537470547567
gene_00051,54.5,0.28688114778816154,0.2752238772116569,1.0423555931796562,0.29724684663118106,0.4018777366453568
gene_00165,385.5,-0.10829961534688898,0.10385337858058058,-1.0428126347652573,0.29703507844511545,0.40266519992426075
gene_00013,133.5,0.1825914132784729,0.17627770498776213,1.0358168282889153,0.3002876051761829,0.40276670852995966
gene_00589,288.5,0.12466257327589052,0.12002465458681374,1.0386413833478034,0.298971551769712,0.4031345126256489
gene_00435,90.0,-0.22239242133644802,0.2145149438726398,-1.0367222782785948,0.2998653062569756,0.4032671360007603
gene_00555,151.0,0.1710455413362275,0.16577932767748102,1.0317664073833848,0.30218155962229165,0.4042376008667596
gene_00368,56.5,-0.27684020535882436,0.27030340255147556,-1.0241832057815252,0.3057487496086879,0.4068625093217973
gene_00419,189.0,-0.15200309344504995,0.14822282520116378,-1.025503954864952,0.3051254602874729,0.4071016009624967
gene_00580,173.5,0.15723974181119718,0.1546807854935057,1.0165434660131003,0.309370660002219,0.41060451471498705
gene_00559,604.5,0.08341600818763747,0.08294952895822028,1.0056236513368528,0.31459664227988604,0.4164503854723296
gene_00439,23.5,0.41503749927884376,0.4164701851078906,0.9965599318263907,0.3189781629322488,0.4211508557464847
gene_00144,84.5,-0.21978120787990987,0.22129170494628822,-0.9931741812611323,0.32062507823856556,0.4222257523816954
gene_00578,631.5,-0.07985330768921468,0.08115692164650651,-0.9839371192149211,0.32514643132457954,0.4270705717138908
gene_00143,172.0,0.1502426355806127,0.1553298669820233,0.9672488523923133,0.3334196459090517,0.43680558262503677
gene_00086,288.5,0.11467860403619452,0.12000744099251161,0.9555957787930034,0.33927649498267964,0.44333294576344995
gene_00556,201.5,-0.13546341729511882,0.1435342239699704,-0.94377085511996,0.34528675705820344,0.4500266987879412
gene_00398,29.5,-0.3325753390868709,0.371893095892763,-0.894276722961188,0.3711738509652114,0.4825260062547748
gene_00183,463.5,-0.08388318472536754,0.09470658498335295,-0.8857164973281648,0.3757703161882955,0.4860090569068006
gene_00491,255.0,-0.11276793016194972,0.1276148303826686,-0.8836585044528238,0.37688058681934056,0.48620472650739355
gene_00399,462.5,0.08406426478847455,0.09480886765210812,0.886670908220739,0.37525610539580123,0.48658528244417193
gene_00243,296.5,0.10187961401921365,0.11836320469222684,0.8607372053175263,0.3893827968583832,0.5010585736223357
gene_00552,574.5,0.07271418364041084,0.08507554978420705,0.8547013075419361,0.3927165264997532,0.5040690605958857
gene_00534,56.5,-0.226275855823676,0.26989179365949,-0.8383947238838901,0.4018090516882551,0.51443734647966
gene_00423,162.5,-0.1324502960236496,0.15973057715895672,-0.8292106519582721,0.4069852185083276,0.5197519037373353
gene_00067,165.5,0.1300605405643729,0.1582790625608938,0.82171664691491,0.41123818253074296,0.5238637149323786
gene_00575,74.0,-0.19264507794239588,0.23611640105753878,-0.8158902858063237,0.4145628885728665,0.526775399765522
gene_00501,76.0,0.18762700317577127,0.23300311384789615,0.8052553464940116,0.4206723439210023,0.5332021959198704
gene_00390,30.0,0.2801079191927352,0.36817297728098547,0.760805209717931,0.44677342223710936,0.5648731298608839
gene_00070,196.5,-0.10962449117449813,0.14528452430930003,-0.7545503672580823,0.4505188135269753,0.5681916379556629
gene_00506,88.0,-0.16227142889887716,0.21661123091154805,-0.749136728580522,0.45377479971667656,0.5708779738371093
gene_00509,175.0,-0.1148204020018581,0.15391359191480497,-0.7460056033609693,0.45566403016899426,0.5718358002368319
gene_00163,265.5,0.09206055298876768,0.12504373678113076,0.7362268223789976,0.46159267146651795,0.5778456405766039
gene_00254,542.0,-0.0637759104333147,0.08757813640004236,-0.7282172589514458,0.4664806024647745,0.5810950011047682
gene_00057,183.0,-0.1098232779527512,0.15052031949601788,-0.7296242681417949,0.4656198840057939,0.5814514315047722
gene_00236,140.0,-0.12285674778553347,0.17197825637955236,-0.7143737259109736,0.4749961142648913,0.5902525243438723
gene_00167,142.0,0.12113643750163472,0.17076707425472176,0.7093664749502216,0.47809708643689275,0.592653356536686
gene_00429,63.0,-0.18057224564182092,0.2555344407012285,-0.7066454335716978,0.47978684717638775,0.5932973939473868
gene_00538,80.5,-0.15947821400719653,0.22634648413991296,-0.7045756182747565,0.48107437610913983,0.5934421135944864
gene_00379,3.0,-0.7369655941662062,1.0535954899942976,-0.6994767927207005,0.48425411133514906,0.5959146467158266
gene_00268,603.0,-0.0573331750659516,0.083034160017514,-0.6904769682002996,0.48989428890905495,0.6013956524864186
gene_00408,213.0,-0.09441560189210634,0.13954526793705435,-0.6765947945629731,0.4986630827419698,0.610681601328934
gene_00451,26.5,0.2630344058337938,0.3906836639453262,0.6732669679032288,0.500777463502664,0.6117931903514474
gene_00374,221.0,-0.0910109385074837,0.13700267688433662,-0.664300439795924,0.5064980396168486,0.6172944857830343
gene_00269,503.5,0.060061390485903095,0.09085587872780272,0.6610622375448312,0.5085724012071888,0.6183362288058627
gene_00108,263.5,-0.08183829205646134,0.12550220647574709,-0.6520864800275551,0.5143453853376894,0.6238591157086328
gene_00205,43.0,-0.19703684705955363,0.30830105984584677,-0.6391053185417973,0.5227544202272743,0.6325453247141481
gene_00319,60.5,0.16438681790088228,0.26058920417496906,0.6308274297906332,0.5281533662272797,0.6375565635172162
gene_00023,45.0,0.1884450894131103,0.30146450499276756,0.625098763841638,0.531906239222218,0.6405616705122672
gene_00158,65.5,0.15200309344505006,0.2505423027332895,0.606696321486525,0.5440524638396449,0.6536364909163506
gene_00178,196.0,0.08790708914942763,0.1454313204346168,0.6044577528878934,0.5455393489239742,0.6538734040294442
gene_00343,366.0,-0.06290675156019182,0.10652700346175731,-0.5905239940666785,0.5548394043654543,0.6634518349369938
gene_00030,419.5,-0.0583333103163272,0.09951654337421238,-0.5861669661995419,0.5577633181945303,0.665378828999122
gene_00185,210.0,-0.08207113293903325,0.14051541390178288,-0.5840721004202366,0.5591718044882081,0.6654932039331491
gene_00226,339.5,0.06356512877746613,0.11059521982452228,0.5747547577401879,0.5654571684596768,0.6698289355351777
gene_00386,551.5,-0.049617932416564474,0.08681356789679741,-0.5715458265181484,0.5676297055694908,0.6708351065821254
gene_00438,150.0,-0.0955776599822311,0.1661266407813509,-0.5753301188340196,0.56506805554594,0.67093560693628
gene_00239,55.0,-0.154722594798642,0.27303580938256006,-0.5666751007808457,0.5709349405429256,0.6731721275703797
gene_00526,510.0,-0.0508242590776825,0.09027062647615094,-0.5630210076265508,0.5734205790169862,0.6745341845977076
gene_00492,646.0,0.0445999980660292,0.08022122253996927,0.5559625826421154,0.5782364341320188,0.6786247039466053
gene_00567,58.0,-0.14684138832927113,0.26596573213069635,-0.5521064204508603,0.5808754433260315,0.680147459044568
gene_00161,434.0,0.053070628934527984,0.09784043268586445,0.542420219102275,0.5875290540256755,0.6847752422782011
gene_00232,243.0,-0.0709665213541436,0.13065497978788915,-0.5431597132336913,0.5870198419894952,0.6857582025084656
gene_00267,110.0,-0.10402306454322834,0.19378056470103205,-0.5368085530337724,0.5913998630361632,0.6877058040351713
gene_00342,143.5,0.08988550351719511,0.16981119111679685,0.5293261470345113,0.5965792203379261,0.6889878467228441
gene_00363,43.5,0.1622714288988771,0.30633454051744147,0.5297196608151931,0.5963063143203755,0.6902449802749553
gene_00511,213.5,0.07400058144377678,0.13935376332873137,0.5310267887721957,0.5954002155415186,0.6907732477792904
gene_00456,91.5,-0.10922906975475836,0.2122901203810031,-0.5145273343795833,0.6068833545873447,0.6977094348657228
gene_00138,91.5,-0.10922906975475836,0.2122901203810031,-0.5145273343795833,0.6068833545873447,0.6992951381267812
gene_00560,154.5,0.08352335556228355,0.1636840146982778,0.5102719145558832,0.6098609760844376,0.6995464137439137
gene_00137,50.5,0.14017765804826018,0.28464150786265985,0.4924708947083579,0.6223864924248548,0.7123023739489872
gene_00366,138.0,0.08305573972755864,0.17312589594468242,0.47974186226939036,0.6314109571226609,0.7210030523900656
gene_00476,275.5,0.05740231104492185,0.12272354872065058,0.46773672733000765,0.6399728731502881,0.7291376330049348
gene_00485,280.5,-0.05638246989751877,0.1216279108116545,-0.46356522545905765,0.6429592735888467,0.7292625317886919
gene_00200,147.0,0.07800251200127316,0.16777117820794918,0.46493392270626205,0.6419787767667056,0.7297830489253806
gene_00038,64.5,-0.11018291775042288,0.25228152972588863,-0.4367458762048093,0.6622956547341856,0.7495176271210539
gene_00547,346.5,-0.04567185838528243,0.10946279560386984,-0.41723635992782726,0.6765055323986302,0.7621962331691233
gene_00361,231.5,-0.0558532347335174,0.13383183074059704,-0.4173389426449404,0.6764305079813422,0.7638090591236982
gene_00107,236.5,0.05467709262031412,0.13241454735106467,0.41292360782196563,0.6796625839837482,0.7640552773387148
gene_00519,368.5,-0.042952145184546944,0.10615255029341467,-0.404626596966569,0.6857520051351003,0.7691952800962297
gene_00261,202.0,-0.05686233695567632,0.14322731311318398,-0.39700763576247095,0.6913618298410669,0.7737758228022535
gene_00029,85.5,0.08341600818763747,0.21946382499340153,0.3800900134231484,0.7038785986321123,0.7860494482521606
gene_00257,172.5,0.05821461394529579,0.15492738212606003,0.3757541962332276,0.7070996425963916,0.7879110303216934
gene_00320,386.0,0.03728101607945949,0.10372186194522216,0.3594325765107112,0.7192715082045613,0.7997163479379662
gene_00105,101.5,0.070389327891398,0.20158435339559225,0.34918051280133283,0.7269537951084344,0.804728327772874
gene_00112,146.0,-0.058893689053568565,0.16831442143704575,-0.34990281017361563,0.7264116379775636,0.8058877471654808
gene_00563,157.0,-0.054792472840379365,0.16234514042689205,-0.33750608546890104,0.735735425454576,0.8126750777896952
gene_00504,111.5,0.06413033741971556,0.1924068525166312,0.3333058910371827,0.7389033929828515,0.8144000440050123
gene_00089,79.0,0.0721497857558354,0.22818143275483432,0.31619481429654933,0.7518546435851958,0.825087238739598
gene_00427,318.0,0.036182336306645954,0.11424266886273196,0.316714732479865,0.7514600689606126,0.8264430693341227
gene_00370,87.0,-0.06558834162757671,0.21755065365699885,-0.30148538064604735,0.7630443962848035,0.8355583345926465
gene_00477,158.5,-0.04522925399299776,0.16157067784850618,-0.2799347913574154,0.7795275342362937,0.8517682324521572
gene_00452,5.5,-0.22239242133644802,0.8026414243144602,-0.27707568361101526,0.7817219928017702,0.8523291405387043
gene_00347,65.5,-0.06509502822188483,0.2502587233523932,-0.2601109258046662,0.7947782103543648,0.8591738862466161
gene_00305,183.5,0.03909981968894026,0.15022119926520264,0.26028163721361913,0.7946465359742569,0.8608670806387784
gene_00100,63.5,0.06711419585853703,0.2541131569295557,0.2641114559729081,0.7916940366375365,0.861349520547706
gene_00152,123.0,-0.046542585937030194,0.1832462903313597,-0.2539892395795211,0.7995038711501212,0.8624435376023648
gene_00598,596.5,0.021731382213698334,0.08347047776116785,0.26034812303192795,0.7945952552264575,0.862654805995319
gene_00383,209.5,0.034269902084745965,0.14063522672603715,0.24367936030355367,0.807479159676141,0.8691973120080754
gene_00193,252.5,-0.02845644604922801,0.1281509043248882,-0.22205419617707278,0.8242716938470331,0.8835216676119361
gene_00336,361.0,0.023912619944328188,0.10723836045808427,0.2229856913345369,0.8235466428147797,0.8846147201421469
gene_00186,396.0,0.021804370318348337,0.10240158612469401,0.21293000571101742,0.8313815578435622,0.8892625523769747
gene_00162,47.0,-0.06012099243757091,0.29455282104247604,-0.20410937578119867,0.8382680277530294,0.892861113594088
gene_00539,191.0,0.03005723385617993,0.14725243519853182,0.2041204535303985,0.8382593712077195,0.8947315814785554
gene_00264,12.5,-0.1069152039165119,0.5556748322177032,-0.19240605785547704,0.8474241475735194,0.8969604234233284
gene_00437,123.5,0.034765418160676624,0.18286743960891005,0.190112675252783,0.8492208378020081,0.896989509928371
gene_00233,227.0,-0.025311088529187526,0.13512596942588442,-0.187314759973437,0.8514138510182245,0.8974362213435341
gene_00124,651.5,-0.015477336618945112,0.07987401705794084,-0.1937718570948774,0.8463545241130535,0.897702392730791
gene_00146,212.0,-0.027093660882275234,0.1398037693519629,-0.19379778533771577,0.8463342211832581,0.8995627885532743
gene_00085,14.5,-0.09310940439148147,0.518501199014902,-0.1795741351579892,0.8574869117186792,0.9019623739447518
gene_00021,280.0,-0.020536931002694735,0.12171591754918186,-0.16872839162056483,0.8660102856672385,0.9090418526569148
gene_00331,17.5,0.07800251200127316,0.47452855119399034,0.16437896477463002,0.8694328220000571,0.9107488445331177
gene_00114,341.0,-0.016873818564396213,0.11032753372299871,-0.15294295082097645,0.8784432644785183,0.9182901754445542
gene_00003,26.5,0.05246741989413548,0.3891302436225315,0.13483254194199953,0.8927442760157105,0.9313196459670067
gene_00300,114.0,0.025090980962830522,0.1902641812941991,0.13187443265547277,0.8950836117682712,0.9318426923337033
gene_00328,134.0,0.021373650792567037,0.17560406606832174,0.1217150107688922,0.9031247247550571,0.9382873677270778
gene_00460,348.5,0.012383724455832348,0.10913648108871936,0.11347007281428981,0.9096578882521855,0.9431422276970512
gene_00055,171.0,-0.016775712750826767,0.1555724365021649,-0.10783216569725268,0.9141288271112797,0.9458435007049364
gene_00574,418.5,-0.010317290985513365,0.09961536499332084,-0.10357128125972469,0.9175095792985393,0.947408058461017
gene_00395,219.0,-0.01311549979025811,0.13755699596846366,-0.09534593059348993,0.9240400614636453,0.950280550024479
gene_00544,52.5,-0.02696704760026932,0.27895337041839946,-0.09667224152847377,0.9229866846070338,0.9511265225523703
gene_00445,236.0,-0.012174713946102214,0.13253153552403332,-0.09186276985294904,0.9268070716977388,0.9511967314792582
gene_00480,62.5,-0.02272007650008353,0.25604490465798674,-0.08873473397344886,0.9292927276856098,0.951821036235564
gene_00155,106.5,0.01342051576232144,0.19678409885142006,0.06819918804747771,0.9456270733126304,0.9588658523390072
gene_00515,408.0,-0.007054757533950458,0.10088559991920568,-0.06992829045572675,0.9442507357129286,0.9593890240610317
gene_00533,95.5,-0.014950341465971444,0.20769771077407337,-0.07198125299625438,0.9426168270868656,0.9596520709498813
gene_00461,92.5,-0.015430040569605924,0.21100363699686203,-0.07312689387356576,0.9417051407302084,0.9606529302821241
gene_00470,134.5,-0.010647244199508478,0.1752761583653456,-0.06074553606609384,0.9515618660805187,0.9610395739100059
gene_00531,130.5,0.010971117821003018,0.1779220606274105,0.061662493016972277,0.9508316093395246,0.9622188142417943
gene_00384,92.5,-0.015430040569605924,0.21100363699686203,-0.07312689387356576,0.9417051407302084,0.9625897305447896
gene_00291,242.5,-0.005924833957105295,0.13074978084268063,-0.04531429359896298,0.9638567944973577,0.9695940373217468
gene_00007,232.5,-0.0061785749291242646,0.13352023560732595,-0.046274445974579005,0.963091506642938,0.9707502860198202
gene_00010,211.0,0.0,0.14012692969083854,0.0,1.0,1.0
gene_00130,681.0,0.0,0.07812631664120999,0.0,1.0,1.0
gene_00490,280.0,0.0,0.12171283457254638,0.0,1.0,1.0
